nineaaaaaaaaa,54f4343e-08d9-4650-978f-d7a18964f579
sgbabe,0e03bdac-0428-4286-9f1e-c1b3ebaae6ec
es64,07e4c9ff-3287-46a1-be9f-44e143ff4eb0
sneakinghydra,51919a19-7da7-4176-9755-9da70d3fedd0
badderthrone,f812bd0f-deaf-45cf-9ac3-336668d230b7
booiee,c3ebd356-4c48-4d70-88bb-3086111b05c1
pizzasquish,dad8218e-7711-40c5-aee2-68a6acffeb5e
nerve2023,4c53efb1-1d5d-4ba1-9a38-1910ad2ebe93
magicjini,1b389461-deb6-4914-8ddd-60851bfc2c93
edko2003,27945952-ec5f-41b3-88ed-94b84640103b
clockwerks_,8c6e72de-175e-4196-8883-7f42ce2cf6d9
condo69,3faa44f1-3987-4223-be38-6f4a5aefd812
sauce3boxxx,c5a41550-6a3b-457c-baa8-f50ceeb9b3fe
yourmomfunny,32b62870-91a9-4949-9f04-a79d917200dc
itscreskori,73dac8a1-90c7-46be-bf55-78a0493ae5fb
mmeinhold,2526347c-4a62-4465-bafa-1eaea07f66eb
ain_kun,caa5453e-e28c-416b-bea9-63290067e22a
jar_of_mayo,3933d569-92a2-4939-a8ba-eb3c5a2fd220
_aclamendo,00000000-0000-0000-0009-01f0336593a8
phoenixninja97,c4078150-a805-40ff-82fc-62cbc8571e4f
aclamendo,05bace12-3e0b-4027-969b-e069af51bfd7
cenix_,03eca4ea-b2ff-4f1f-9c24-9acd3c4c5d55
lightninglogan,ab5f1798-f745-4279-b6b9-5c81a4b311c3
tsunamivishi,655837cb-8cf6-433c-8d65-571e02838ebb
hunter_knight12,89be3b66-dc86-4dfe-a860-99657f83116b
_davidjones1000,00000000-0000-0000-0009-00000a844a22
